sheet,column_letter,current_header,proposed_header,proposed_by,also_suggested,needs_review,reason
Asset Impact plants,A,GEM plant ID,GEM Plant ID,STD-08,,,Header is not Title Case; STD-08 headers are Title Case (it is the data *values* that are lowercase)
Asset Impact plants,B,Plant name (English),Plant Name (English),STD-08,,,Header is not Title Case; STD-08 headers are Title Case (it is the data *values* that are lowercase)
Asset Impact plants,C,Plant name (other language),Plant Name (other language),STD-08,,,Header is not Title Case; STD-08 headers are Title Case (it is the data *values* that are lowercase)
Asset Impact plants,D,Other plant names (English),Other Plant Names (English),STD-08,,,Header is not Title Case; STD-08 headers are Title Case (it is the data *values* that are lowercase)
Asset Impact plants,E,Other plant names (other language),Other Plant Names (other language),STD-08,,,Header is not Title Case; STD-08 headers are Title Case (it is the data *values* that are lowercase)
Asset Impact plants,I,Owner GEM entity ID,Owner GEM Entity ID,STD-08,,,Header is not Title Case; STD-08 headers are Title Case (it is the data *values* that are lowercase)
Asset Impact plants,L,Subnational unit,Subnational Unit,STD-08,,,Header is not Title Case; STD-08 headers are Title Case (it is the data *values* that are lowercase)
Asset Impact plants,M,Country/area,Country/Area,STD-12,,,STD-12 uses `Country/Area` for the highest national-level field
Asset Impact plants,O,Coordinates,Lat_Lon,STD-09,,,Coordinate pair in a single column; STD-09 publishes it as `Lat_Lon` with a companion `Lat_Lon | Accuracy`
Asset Impact plants,P,Coordinate accuracy,Lat_Lon | Accuracy,STD-09,STD-08: Coordinate Accuracy,,Companion field using the old `Coordinate accuracy` form; STD-09 uses the pipe pattern for every companion
Asset Impact plants,Q,Coordinates [ref],Lat_Lon | Ref,STD-09,,,Companion field using the old `Coordinates [ref]` form; STD-09 uses the pipe pattern for every companion
Asset Impact plants,R,old wiki,Old Wiki,STD-08,,,Header is not Title Case; STD-08 headers are Title Case (it is the data *values* that are lowercase)
Asset Impact plants,S,new wiki,New Wiki,STD-08,,,Header is not Title Case; STD-08 headers are Title Case (it is the data *values* that are lowercase)
Asset Impact plants,T,Operating status,Operating Status,STD-08,,,Header is not Title Case; STD-08 headers are Title Case (it is the data *values* that are lowercase)
Asset Impact plants,U,Plant status [ref],Plant Status [ref],STD-08,,,Header is not Title Case; STD-08 headers are Title Case (it is the data *values* that are lowercase)
Asset Impact plants,V,Plant age (years),Plant Age (years),STD-08,,,Header is not Title Case; STD-08 headers are Title Case (it is the data *values* that are lowercase)
Asset Impact plants,W,Announced date,Announced Date,STD-08,,,Header is not Title Case; STD-08 headers are Title Case (it is the data *values* that are lowercase)
Asset Impact plants,X,Announced date [ref],Announced date | Ref,STD-09,STD-08: Announced Date [ref],,Companion field using the old `Announced date [ref]` form; STD-09 uses the pipe pattern for every companion
Asset Impact plants,Y,Construction date,Construction Date,STD-08,,,Header is not Title Case; STD-08 headers are Title Case (it is the data *values* that are lowercase)
Asset Impact plants,Z,Construction date [ref],Construction date | Ref,STD-09,STD-08: Construction Date [ref],,Companion field using the old `Construction date [ref]` form; STD-09 uses the pipe pattern for every companion
Asset Impact plants,AA,Start date,Start Date,STD-08,,,Header is not Title Case; STD-08 headers are Title Case (it is the data *values* that are lowercase)
Asset Impact plants,AB,Start date [ref],Start date | Ref,STD-09,STD-08: Start Date [ref],,Companion field using the old `Start date [ref]` form; STD-09 uses the pipe pattern for every companion
Asset Impact plants,AC,Pre-retirement announcement date,Pre-retirement Announcement Date,STD-08,,,Header is not Title Case; STD-08 headers are Title Case (it is the data *values* that are lowercase)
Asset Impact plants,AD,Pre-retirement announcement date [ref],Pre-retirement announcement date | Ref,STD-09,STD-08: Pre-retirement Announcement Date [ref],,Companion field using the old `Pre-retirement announcement date [ref]` form; STD-09 uses the pipe pattern for every companion
Asset Impact plants,AE,Mothballed date,Mothballed Date,STD-08,,,Header is not Title Case; STD-08 headers are Title Case (it is the data *values* that are lowercase)
Asset Impact plants,AF,Mothballed date [ref],Mothballed date | Ref,STD-09,STD-08: Mothballed Date [ref],,Companion field using the old `Mothballed date [ref]` form; STD-09 uses the pipe pattern for every companion
Asset Impact plants,AG,Retired date,Retired Date,STD-08,,,Header is not Title Case; STD-08 headers are Title Case (it is the data *values* that are lowercase)
Asset Impact plants,AH,Retired date [ref],Retired date | Ref,STD-09,STD-08: Retired Date [ref],,Companion field using the old `Retired date [ref]` form; STD-09 uses the pipe pattern for every companion
Asset Impact plants,AI,Plant type,Plant Type,STD-08,,,Header is not Title Case; STD-08 headers are Title Case (it is the data *values* that are lowercase)
Asset Impact plants,AJ,Plant type [ref],Plant type | Ref,STD-09,STD-08: Plant Type [ref],,Companion field using the old `Plant type [ref]` form; STD-09 uses the pipe pattern for every companion
Asset Impact plants,AK,Primary products,Primary Products,STD-08,,,Header is not Title Case; STD-08 headers are Title Case (it is the data *values* that are lowercase)
Asset Impact plants,AL,Primary products [ref],Primary products | Ref,STD-09,STD-08: Primary Products [ref],,Companion field using the old `Primary products [ref]` form; STD-09 uses the pipe pattern for every companion
Asset Impact plants,AM,Secondary products,Secondary Products,STD-08,,,Header is not Title Case; STD-08 headers are Title Case (it is the data *values* that are lowercase)
Asset Impact plants,AN,Secondary products [ref],Secondary products | Ref,STD-09,STD-08: Secondary Products [ref],,Companion field using the old `Secondary products [ref]` form; STD-09 uses the pipe pattern for every companion
Asset Impact plants,AP,Feedstock [ref],Feedstock | Ref,STD-09,,,Companion field using the old `Feedstock [ref]` form; STD-09 uses the pipe pattern for every companion
Asset Impact plants,AQ,Main production equipment,Main Production Equipment,STD-08,,,Header is not Title Case; STD-08 headers are Title Case (it is the data *values* that are lowercase)
Asset Impact plants,AR,Main production equipment [ref],Main production equipment | Ref,STD-09,STD-08: Main Production Equipment [ref],,Companion field using the old `Main production equipment [ref]` form; STD-09 uses the pipe pattern for every companion
Asset Impact plants,AT,CCS/CCUS [ref],CCS/CCUS | Ref,STD-09,,,Companion field using the old `CCS/CCUS [ref]` form; STD-09 uses the pipe pattern for every companion
Asset Impact plants,AU,Electrified process heat,Electrified Process Heat,STD-08,,,Header is not Title Case; STD-08 headers are Title Case (it is the data *values* that are lowercase)
Asset Impact plants,AV,Electrified process heat [ref],Electrified process heat | Ref,STD-09,STD-08: Electrified Process Heat [ref],,Companion field using the old `Electrified process heat [ref]` form; STD-09 uses the pipe pattern for every companion
Asset Impact plants,AW,Low-carbon hydrogen feedstock or fuel,Low-carbon Hydrogen Feedstock or Fuel,STD-08,,,Header is not Title Case; STD-08 headers are Title Case (it is the data *values* that are lowercase)
Asset Impact plants,AX,Low-carbon hydrogen feedstock or fuel [ref],Low-carbon hydrogen feedstock or fuel | Ref,STD-09,STD-08: Low-carbon Hydrogen Feedstock or Fuel [ref],,Companion field using the old `Low-carbon hydrogen feedstock or fuel [ref]` form; STD-09 uses the pipe pattern for every companion
Asset Impact plants,AY,Bio- or waste-based feedstock or fuel,Bio- or Waste-based Feedstock or Fuel,STD-08,,,Header is not Title Case; STD-08 headers are Title Case (it is the data *values* that are lowercase)
Asset Impact plants,AZ,Bio- or waste-based feedstock or fuel [ref],Bio- or waste-based feedstock or fuel | Ref,STD-09,STD-08: Bio- or Waste-based Feedstock or Fuel [ref],,Companion field using the old `Bio- or waste-based feedstock or fuel [ref]` form; STD-09 uses the pipe pattern for every companion
Asset Impact plants,BA,Ammonia capacity (mtpa),Ammonia Capacity (mtpa),STD-08,,,Header is not Title Case; STD-08 headers are Title Case (it is the data *values* that are lowercase)
Asset Impact plants,BB,Ammonia capacity [ref],Ammonia Capacity [ref],STD-08,,,Header is not Title Case; STD-08 headers are Title Case (it is the data *values* that are lowercase)
Asset Impact plants,BC,Methanol capacity (mtpa),Methanol Capacity (mtpa),STD-08,,,Header is not Title Case; STD-08 headers are Title Case (it is the data *values* that are lowercase)
Asset Impact plants,BD,Methanol capacity [ref],Methanol Capacity [ref],STD-08,,,Header is not Title Case; STD-08 headers are Title Case (it is the data *values* that are lowercase)
Asset Impact plants,BE,Ethylene capacity (mtpa),Ethylene Capacity (mtpa),STD-08,,,Header is not Title Case; STD-08 headers are Title Case (it is the data *values* that are lowercase)
Asset Impact plants,BF,Ethylene capacity [ref],Ethylene Capacity [ref],STD-08,,,Header is not Title Case; STD-08 headers are Title Case (it is the data *values* that are lowercase)
Asset Impact plants,BG,Propylene capacity (mtpa),Propylene Capacity (mtpa),STD-08,,,Header is not Title Case; STD-08 headers are Title Case (it is the data *values* that are lowercase)
Asset Impact plants,BH,Propylene capacity [ref],Propylene Capacity [ref],STD-08,,,Header is not Title Case; STD-08 headers are Title Case (it is the data *values* that are lowercase)
Asset Impact plants,BI,Butadiene capacity (mtpa),Butadiene Capacity (mtpa),STD-08,,,Header is not Title Case; STD-08 headers are Title Case (it is the data *values* that are lowercase)
Asset Impact plants,BJ,Butadiene capacity [ref],Butadiene Capacity [ref],STD-08,,,Header is not Title Case; STD-08 headers are Title Case (it is the data *values* that are lowercase)
Asset Impact plants,BK,Total olefins capacity (mtpa),Total Olefins Capacity (mtpa),STD-08,,,Header is not Title Case; STD-08 headers are Title Case (it is the data *values* that are lowercase)
Asset Impact plants,BL,Total olefins capacity [ref],Total Olefins Capacity [ref],STD-08,,,Header is not Title Case; STD-08 headers are Title Case (it is the data *values* that are lowercase)
Asset Impact plants,BM,Benzene capacity (mtpa),Benzene Capacity (mtpa),STD-08,,,Header is not Title Case; STD-08 headers are Title Case (it is the data *values* that are lowercase)
Asset Impact plants,BN,Benzene capacity [ref],Benzene Capacity [ref],STD-08,,,Header is not Title Case; STD-08 headers are Title Case (it is the data *values* that are lowercase)
Asset Impact plants,BO,Toluene capacity (mtpa),Toluene Capacity (mtpa),STD-08,,,Header is not Title Case; STD-08 headers are Title Case (it is the data *values* that are lowercase)
Asset Impact plants,BP,Toluene capacity [ref],Toluene Capacity [ref],STD-08,,,Header is not Title Case; STD-08 headers are Title Case (it is the data *values* that are lowercase)
Asset Impact plants,BQ,Xylene capacity (mtpa),Xylene Capacity (mtpa),STD-08,,,Header is not Title Case; STD-08 headers are Title Case (it is the data *values* that are lowercase)
Asset Impact plants,BR,Xylene capacity [ref],Xylene Capacity [ref],STD-08,,,Header is not Title Case; STD-08 headers are Title Case (it is the data *values* that are lowercase)
Asset Impact plants,BS,Total aromatics capacity (mtpa),Total Aromatics Capacity (mtpa),STD-08,,,Header is not Title Case; STD-08 headers are Title Case (it is the data *values* that are lowercase)
Asset Impact plants,BT,Total aromatics capacity [ref],Total Aromatics Capacity [ref],STD-08,,,Header is not Title Case; STD-08 headers are Title Case (it is the data *values* that are lowercase)
Asset Impact plants,BU,Developing ammonia capacity (mtpa),Developing Ammonia Capacity (mtpa),STD-08,,,Header is not Title Case; STD-08 headers are Title Case (it is the data *values* that are lowercase)
Asset Impact plants,BV,Developing ammonia capacity start date,Developing Ammonia Capacity Start Date,STD-08,,,Header is not Title Case; STD-08 headers are Title Case (it is the data *values* that are lowercase)
Asset Impact plants,BW,Developing ammonia capacity [ref],Developing Ammonia Capacity [ref],STD-08,,,Header is not Title Case; STD-08 headers are Title Case (it is the data *values* that are lowercase)
Asset Impact plants,BX,Developing methanol capacity (mtpa),Developing Methanol Capacity (mtpa),STD-08,,,Header is not Title Case; STD-08 headers are Title Case (it is the data *values* that are lowercase)
Asset Impact plants,BY,Developing methanol capacity start date,Developing Methanol Capacity Start Date,STD-08,,,Header is not Title Case; STD-08 headers are Title Case (it is the data *values* that are lowercase)
Asset Impact plants,BZ,Developing methanol capacity [ref],Developing Methanol Capacity [ref],STD-08,,,Header is not Title Case; STD-08 headers are Title Case (it is the data *values* that are lowercase)
Asset Impact plants,CA,Developing ethylene capacity (mtpa),Developing Ethylene Capacity (mtpa),STD-08,,,Header is not Title Case; STD-08 headers are Title Case (it is the data *values* that are lowercase)
Asset Impact plants,CB,Developing ethylene capacity start date,Developing Ethylene Capacity Start Date,STD-08,,,Header is not Title Case; STD-08 headers are Title Case (it is the data *values* that are lowercase)
Asset Impact plants,CC,Developing ethylene capacity [ref],Developing Ethylene Capacity [ref],STD-08,,,Header is not Title Case; STD-08 headers are Title Case (it is the data *values* that are lowercase)
Asset Impact plants,CD,Developing propylene capacity (mtpa),Developing Propylene Capacity (mtpa),STD-08,,,Header is not Title Case; STD-08 headers are Title Case (it is the data *values* that are lowercase)
Asset Impact plants,CE,Developing propylene capacity start date,Developing Propylene Capacity Start Date,STD-08,,,Header is not Title Case; STD-08 headers are Title Case (it is the data *values* that are lowercase)
Asset Impact plants,CF,Developing propylene capacity [ref],Developing Propylene Capacity [ref],STD-08,,,Header is not Title Case; STD-08 headers are Title Case (it is the data *values* that are lowercase)
Asset Impact plants,CG,Developing butadiene capacity (mtpa),Developing Butadiene Capacity (mtpa),STD-08,,,Header is not Title Case; STD-08 headers are Title Case (it is the data *values* that are lowercase)
Asset Impact plants,CH,Developing butadiene capacity start date,Developing Butadiene Capacity Start Date,STD-08,,,Header is not Title Case; STD-08 headers are Title Case (it is the data *values* that are lowercase)
Asset Impact plants,CI,Developing butadiene capacity [ref],Developing Butadiene Capacity [ref],STD-08,,,Header is not Title Case; STD-08 headers are Title Case (it is the data *values* that are lowercase)
Asset Impact plants,CJ,Total developing olefins capacity (mtpa),Total Developing Olefins Capacity (mtpa),STD-08,,,Header is not Title Case; STD-08 headers are Title Case (it is the data *values* that are lowercase)
Asset Impact plants,CK,Total developing olefins capacity start date,Total Developing Olefins Capacity Start Date,STD-08,,,Header is not Title Case; STD-08 headers are Title Case (it is the data *values* that are lowercase)
Asset Impact plants,CL,Total developing olefins capacity [ref],Total Developing Olefins Capacity [ref],STD-08,,,Header is not Title Case; STD-08 headers are Title Case (it is the data *values* that are lowercase)
Asset Impact plants,CM,Developing benzene capacity (mtpa),Developing Benzene Capacity (mtpa),STD-08,,,Header is not Title Case; STD-08 headers are Title Case (it is the data *values* that are lowercase)
Asset Impact plants,CN,Developing benzene capacity start date,Developing Benzene Capacity Start Date,STD-08,,,Header is not Title Case; STD-08 headers are Title Case (it is the data *values* that are lowercase)
Asset Impact plants,CO,Developing benzene capacity [ref],Developing Benzene Capacity [ref],STD-08,,,Header is not Title Case; STD-08 headers are Title Case (it is the data *values* that are lowercase)
Asset Impact plants,CP,Developing toluene capacity (mtpa),Developing Toluene Capacity (mtpa),STD-08,,,Header is not Title Case; STD-08 headers are Title Case (it is the data *values* that are lowercase)
Asset Impact plants,CQ,Developing toluene capacity start date,Developing Toluene Capacity Start Date,STD-08,,,Header is not Title Case; STD-08 headers are Title Case (it is the data *values* that are lowercase)
Asset Impact plants,CR,Developing toluene capacity [ref],Developing Toluene Capacity [ref],STD-08,,,Header is not Title Case; STD-08 headers are Title Case (it is the data *values* that are lowercase)
Asset Impact plants,CS,Developing xylene capacity (mtpa),Developing Xylene Capacity (mtpa),STD-08,,,Header is not Title Case; STD-08 headers are Title Case (it is the data *values* that are lowercase)
Asset Impact plants,CT,Developing xylene capacity start date,Developing Xylene Capacity Start Date,STD-08,,,Header is not Title Case; STD-08 headers are Title Case (it is the data *values* that are lowercase)
Asset Impact plants,CU,Developing xylene capacity [ref],Developing Xylene Capacity [ref],STD-08,,,Header is not Title Case; STD-08 headers are Title Case (it is the data *values* that are lowercase)
Asset Impact plants,CV,Total developing aromatics capacity (mtpa),Total Developing Aromatics Capacity (mtpa),STD-08,,,Header is not Title Case; STD-08 headers are Title Case (it is the data *values* that are lowercase)
Asset Impact plants,CW,Total developing aromatics capacity start date,Total Developing Aromatics Capacity Start Date,STD-08,,,Header is not Title Case; STD-08 headers are Title Case (it is the data *values* that are lowercase)
Asset Impact plants,CX,Total developing aromatics capacity [ref],Total Developing Aromatics Capacity [ref],STD-08,,,Header is not Title Case; STD-08 headers are Title Case (it is the data *values* that are lowercase)
Asset Impact plants,CZ,Date added to tracker,Date Added to Tracker,STD-08,,,Header is not Title Case; STD-08 headers are Title Case (it is the data *values* that are lowercase)
Asset Impact plants,DA,Date last updated,Date Last Updated,STD-08,,,Header is not Title Case; STD-08 headers are Title Case (it is the data *values* that are lowercase)
Asset Impact plants,DB,Research status,Research Status,STD-11,,,Non-standard provenance header; STD-11 aligns these with the database so public reports match across trackers
Asset Impact plants,DC,GEM wiki page last updated,GEM Wiki Page Last Updated,STD-08,,,Header is not Title Case; STD-08 headers are Title Case (it is the data *values* that are lowercase)
Plant data,A,GEM plant ID,GEM Plant ID,STD-08,,,Header is not Title Case; STD-08 headers are Title Case (it is the data *values* that are lowercase)
Plant data,B,Plant name (English),Plant Name (English),STD-08,,,Header is not Title Case; STD-08 headers are Title Case (it is the data *values* that are lowercase)
Plant data,C,Plant name (other language),Plant Name (other language),STD-08,,,Header is not Title Case; STD-08 headers are Title Case (it is the data *values* that are lowercase)
Plant data,D,Other plant names (English),Other Plant Names (English),STD-08,,,Header is not Title Case; STD-08 headers are Title Case (it is the data *values* that are lowercase)
Plant data,E,Other plant names (other language),Other Plant Names (other language),STD-08,,,Header is not Title Case; STD-08 headers are Title Case (it is the data *values* that are lowercase)
Plant data,I,Owner GEM entity ID,Owner GEM Entity ID,STD-08,,,Header is not Title Case; STD-08 headers are Title Case (it is the data *values* that are lowercase)
Plant data,L,Subnational unit,Subnational Unit,STD-08,,,Header is not Title Case; STD-08 headers are Title Case (it is the data *values* that are lowercase)
Plant data,M,Country/area,Country/Area,STD-12,,,STD-12 uses `Country/Area` for the highest national-level field
Plant data,O,Coordinates,Lat_Lon,STD-09,,,Coordinate pair in a single column; STD-09 publishes it as `Lat_Lon` with a companion `Lat_Lon | Accuracy`
Plant data,P,Coordinate accuracy,Lat_Lon | Accuracy,STD-09,STD-08: Coordinate Accuracy,,Companion field using the old `Coordinate accuracy` form; STD-09 uses the pipe pattern for every companion
Plant data,Q,Coordinates [ref],Lat_Lon | Ref,STD-09,,,Companion field using the old `Coordinates [ref]` form; STD-09 uses the pipe pattern for every companion
Plant data,R,"GEM wiki page (old URL, if exists)","GEM Wiki Page (old URL, if exists)",STD-08,,,Header is not Title Case; STD-08 headers are Title Case (it is the data *values* that are lowercase)
Plant data,S,GEM wiki page (new URL),GEM Wiki Page (new URL),STD-08,,,Header is not Title Case; STD-08 headers are Title Case (it is the data *values* that are lowercase)
Plant data,T,Operating status,Operating Status,STD-08,,,Header is not Title Case; STD-08 headers are Title Case (it is the data *values* that are lowercase)
Plant data,U,Operating status [ref],Operating status | Ref,STD-09,STD-08: Operating Status [ref],,Companion field using the old `Operating status [ref]` form; STD-09 uses the pipe pattern for every companion
Plant data,V,Plant age (years),Plant Age (years),STD-08,,,Header is not Title Case; STD-08 headers are Title Case (it is the data *values* that are lowercase)
Plant data,W,Announced date,Announced Date,STD-08,,,Header is not Title Case; STD-08 headers are Title Case (it is the data *values* that are lowercase)
Plant data,X,Announced date [ref],Announced date | Ref,STD-09,STD-08: Announced Date [ref],,Companion field using the old `Announced date [ref]` form; STD-09 uses the pipe pattern for every companion
Plant data,Y,Construction date,Construction Date,STD-08,,,Header is not Title Case; STD-08 headers are Title Case (it is the data *values* that are lowercase)
Plant data,Z,Construction date [ref],Construction date | Ref,STD-09,STD-08: Construction Date [ref],,Companion field using the old `Construction date [ref]` form; STD-09 uses the pipe pattern for every companion
Plant data,AA,Start date,Start Date,STD-08,,,Header is not Title Case; STD-08 headers are Title Case (it is the data *values* that are lowercase)
Plant data,AB,Start date [ref],Start date | Ref,STD-09,STD-08: Start Date [ref],,Companion field using the old `Start date [ref]` form; STD-09 uses the pipe pattern for every companion
Plant data,AC,Pre-retirement announcement date,Pre-retirement Announcement Date,STD-08,,,Header is not Title Case; STD-08 headers are Title Case (it is the data *values* that are lowercase)
Plant data,AD,Pre-retirement announcement date [ref],Pre-retirement announcement date | Ref,STD-09,STD-08: Pre-retirement Announcement Date [ref],,Companion field using the old `Pre-retirement announcement date [ref]` form; STD-09 uses the pipe pattern for every companion
Plant data,AE,Mothballed date,Mothballed Date,STD-08,,,Header is not Title Case; STD-08 headers are Title Case (it is the data *values* that are lowercase)
Plant data,AF,Mothballed date [ref],Mothballed date | Ref,STD-09,STD-08: Mothballed Date [ref],,Companion field using the old `Mothballed date [ref]` form; STD-09 uses the pipe pattern for every companion
Plant data,AG,Retired date,Retired Date,STD-08,,,Header is not Title Case; STD-08 headers are Title Case (it is the data *values* that are lowercase)
Plant data,AH,Retired date [ref],Retired date | Ref,STD-09,STD-08: Retired Date [ref],,Companion field using the old `Retired date [ref]` form; STD-09 uses the pipe pattern for every companion
Plant data,AI,Plant type,Plant Type,STD-08,,,Header is not Title Case; STD-08 headers are Title Case (it is the data *values* that are lowercase)
Plant data,AJ,Plant type [ref],Plant type | Ref,STD-09,STD-08: Plant Type [ref],,Companion field using the old `Plant type [ref]` form; STD-09 uses the pipe pattern for every companion
Plant data,AK,Primary products,Primary Products,STD-08,,,Header is not Title Case; STD-08 headers are Title Case (it is the data *values* that are lowercase)
Plant data,AL,Primary products [ref],Primary products | Ref,STD-09,STD-08: Primary Products [ref],,Companion field using the old `Primary products [ref]` form; STD-09 uses the pipe pattern for every companion
Plant data,AM,Secondary products,Secondary Products,STD-08,,,Header is not Title Case; STD-08 headers are Title Case (it is the data *values* that are lowercase)
Plant data,AN,Secondary products [ref],Secondary products | Ref,STD-09,STD-08: Secondary Products [ref],,Companion field using the old `Secondary products [ref]` form; STD-09 uses the pipe pattern for every companion
Plant data,AP,Feedstock [ref],Feedstock | Ref,STD-09,,,Companion field using the old `Feedstock [ref]` form; STD-09 uses the pipe pattern for every companion
Plant data,AQ,Main production equipment,Main Production Equipment,STD-08,,,Header is not Title Case; STD-08 headers are Title Case (it is the data *values* that are lowercase)
Plant data,AR,Main production equipment [ref],Main production equipment | Ref,STD-09,STD-08: Main Production Equipment [ref],,Companion field using the old `Main production equipment [ref]` form; STD-09 uses the pipe pattern for every companion
Plant data,AT,CCS/CCUS [ref],CCS/CCUS | Ref,STD-09,,,Companion field using the old `CCS/CCUS [ref]` form; STD-09 uses the pipe pattern for every companion
Plant data,AU,Electrified process heat,Electrified Process Heat,STD-08,,,Header is not Title Case; STD-08 headers are Title Case (it is the data *values* that are lowercase)
Plant data,AV,Electrified process heat [ref],Electrified process heat | Ref,STD-09,STD-08: Electrified Process Heat [ref],,Companion field using the old `Electrified process heat [ref]` form; STD-09 uses the pipe pattern for every companion
Plant data,AW,Low-carbon hydrogen feedstock or fuel,Low-carbon Hydrogen Feedstock or Fuel,STD-08,,,Header is not Title Case; STD-08 headers are Title Case (it is the data *values* that are lowercase)
Plant data,AX,Low-carbon hydrogen feedstock or fuel [ref],Low-carbon hydrogen feedstock or fuel | Ref,STD-09,STD-08: Low-carbon Hydrogen Feedstock or Fuel [ref],,Companion field using the old `Low-carbon hydrogen feedstock or fuel [ref]` form; STD-09 uses the pipe pattern for every companion
Plant data,AY,Bio- or waste-based feedstock or fuel,Bio- or Waste-based Feedstock or Fuel,STD-08,,,Header is not Title Case; STD-08 headers are Title Case (it is the data *values* that are lowercase)
Plant data,AZ,Bio- or waste-based feedstock or fuel [ref],Bio- or waste-based feedstock or fuel | Ref,STD-09,STD-08: Bio- or Waste-based Feedstock or Fuel [ref],,Companion field using the old `Bio- or waste-based feedstock or fuel [ref]` form; STD-09 uses the pipe pattern for every companion
Plant data,BA,Ammonia capacity (mtpa),Ammonia Capacity (mtpa),STD-08,,,Header is not Title Case; STD-08 headers are Title Case (it is the data *values* that are lowercase)
Plant data,BB,Ammonia capacity [ref],Ammonia Capacity [ref],STD-08,,,Header is not Title Case; STD-08 headers are Title Case (it is the data *values* that are lowercase)
Plant data,BC,Methanol capacity (mtpa),Methanol Capacity (mtpa),STD-08,,,Header is not Title Case; STD-08 headers are Title Case (it is the data *values* that are lowercase)
Plant data,BD,Methanol capacity [ref],Methanol Capacity [ref],STD-08,,,Header is not Title Case; STD-08 headers are Title Case (it is the data *values* that are lowercase)
Plant data,BE,Ethylene capacity (mtpa),Ethylene Capacity (mtpa),STD-08,,,Header is not Title Case; STD-08 headers are Title Case (it is the data *values* that are lowercase)
Plant data,BF,Ethylene capacity [ref],Ethylene Capacity [ref],STD-08,,,Header is not Title Case; STD-08 headers are Title Case (it is the data *values* that are lowercase)
Plant data,BG,Propylene capacity (mtpa),Propylene Capacity (mtpa),STD-08,,,Header is not Title Case; STD-08 headers are Title Case (it is the data *values* that are lowercase)
Plant data,BH,Propylene capacity [ref],Propylene Capacity [ref],STD-08,,,Header is not Title Case; STD-08 headers are Title Case (it is the data *values* that are lowercase)
Plant data,BI,Butadiene capacity (mtpa),Butadiene Capacity (mtpa),STD-08,,,Header is not Title Case; STD-08 headers are Title Case (it is the data *values* that are lowercase)
Plant data,BJ,Butadiene capacity [ref],Butadiene Capacity [ref],STD-08,,,Header is not Title Case; STD-08 headers are Title Case (it is the data *values* that are lowercase)
Plant data,BK,Total olefins capacity (mtpa),Total Olefins Capacity (mtpa),STD-08,,,Header is not Title Case; STD-08 headers are Title Case (it is the data *values* that are lowercase)
Plant data,BL,Total olefins capacity [ref],Total Olefins Capacity [ref],STD-08,,,Header is not Title Case; STD-08 headers are Title Case (it is the data *values* that are lowercase)
Plant data,BM,Benzene capacity (mtpa),Benzene Capacity (mtpa),STD-08,,,Header is not Title Case; STD-08 headers are Title Case (it is the data *values* that are lowercase)
Plant data,BN,Benzene capacity [ref],Benzene Capacity [ref],STD-08,,,Header is not Title Case; STD-08 headers are Title Case (it is the data *values* that are lowercase)
Plant data,BO,Toluene capacity (mtpa),Toluene Capacity (mtpa),STD-08,,,Header is not Title Case; STD-08 headers are Title Case (it is the data *values* that are lowercase)
Plant data,BP,Toluene capacity [ref],Toluene Capacity [ref],STD-08,,,Header is not Title Case; STD-08 headers are Title Case (it is the data *values* that are lowercase)
Plant data,BQ,Xylene capacity (mtpa),Xylene Capacity (mtpa),STD-08,,,Header is not Title Case; STD-08 headers are Title Case (it is the data *values* that are lowercase)
Plant data,BR,Xylene capacity [ref],Xylene Capacity [ref],STD-08,,,Header is not Title Case; STD-08 headers are Title Case (it is the data *values* that are lowercase)
Plant data,BS,Total aromatics capacity (mtpa),Total Aromatics Capacity (mtpa),STD-08,,,Header is not Title Case; STD-08 headers are Title Case (it is the data *values* that are lowercase)
Plant data,BT,Total aromatics capacity [ref],Total Aromatics Capacity [ref],STD-08,,,Header is not Title Case; STD-08 headers are Title Case (it is the data *values* that are lowercase)
Plant data,BU,Developing ammonia capacity (mtpa),Developing Ammonia Capacity (mtpa),STD-08,,,Header is not Title Case; STD-08 headers are Title Case (it is the data *values* that are lowercase)
Plant data,BV,Developing ammonia capacity start date,Developing Ammonia Capacity Start Date,STD-08,,,Header is not Title Case; STD-08 headers are Title Case (it is the data *values* that are lowercase)
Plant data,BW,Developing ammonia capacity [ref],Developing Ammonia Capacity [ref],STD-08,,,Header is not Title Case; STD-08 headers are Title Case (it is the data *values* that are lowercase)
Plant data,BX,Developing methanol capacity (mtpa),Developing Methanol Capacity (mtpa),STD-08,,,Header is not Title Case; STD-08 headers are Title Case (it is the data *values* that are lowercase)
Plant data,BY,Developing methanol capacity start date,Developing Methanol Capacity Start Date,STD-08,,,Header is not Title Case; STD-08 headers are Title Case (it is the data *values* that are lowercase)
Plant data,BZ,Developing methanol capacity [ref],Developing Methanol Capacity [ref],STD-08,,,Header is not Title Case; STD-08 headers are Title Case (it is the data *values* that are lowercase)
Plant data,CA,Developing ethylene capacity (mtpa),Developing Ethylene Capacity (mtpa),STD-08,,,Header is not Title Case; STD-08 headers are Title Case (it is the data *values* that are lowercase)
Plant data,CB,Developing ethylene capacity start date,Developing Ethylene Capacity Start Date,STD-08,,,Header is not Title Case; STD-08 headers are Title Case (it is the data *values* that are lowercase)
Plant data,CC,Developing ethylene capacity [ref],Developing Ethylene Capacity [ref],STD-08,,,Header is not Title Case; STD-08 headers are Title Case (it is the data *values* that are lowercase)
Plant data,CD,Developing propylene capacity (mtpa),Developing Propylene Capacity (mtpa),STD-08,,,Header is not Title Case; STD-08 headers are Title Case (it is the data *values* that are lowercase)
Plant data,CE,Developing propylene capacity start date,Developing Propylene Capacity Start Date,STD-08,,,Header is not Title Case; STD-08 headers are Title Case (it is the data *values* that are lowercase)
Plant data,CF,Developing propylene capacity [ref],Developing Propylene Capacity [ref],STD-08,,,Header is not Title Case; STD-08 headers are Title Case (it is the data *values* that are lowercase)
Plant data,CG,Developing butadiene capacity (mtpa),Developing Butadiene Capacity (mtpa),STD-08,,,Header is not Title Case; STD-08 headers are Title Case (it is the data *values* that are lowercase)
Plant data,CH,Developing butadiene capacity start date,Developing Butadiene Capacity Start Date,STD-08,,,Header is not Title Case; STD-08 headers are Title Case (it is the data *values* that are lowercase)
Plant data,CI,Developing butadiene capacity [ref],Developing Butadiene Capacity [ref],STD-08,,,Header is not Title Case; STD-08 headers are Title Case (it is the data *values* that are lowercase)
Plant data,CJ,Total developing olefins capacity (mtpa),Total Developing Olefins Capacity (mtpa),STD-08,,,Header is not Title Case; STD-08 headers are Title Case (it is the data *values* that are lowercase)
Plant data,CK,Total developing olefins capacity start date,Total Developing Olefins Capacity Start Date,STD-08,,,Header is not Title Case; STD-08 headers are Title Case (it is the data *values* that are lowercase)
Plant data,CL,Total developing olefins capacity [ref],Total Developing Olefins Capacity [ref],STD-08,,,Header is not Title Case; STD-08 headers are Title Case (it is the data *values* that are lowercase)
Plant data,CM,Developing benzene capacity (mtpa),Developing Benzene Capacity (mtpa),STD-08,,,Header is not Title Case; STD-08 headers are Title Case (it is the data *values* that are lowercase)
Plant data,CN,Developing benzene capacity start date,Developing Benzene Capacity Start Date,STD-08,,,Header is not Title Case; STD-08 headers are Title Case (it is the data *values* that are lowercase)
Plant data,CO,Developing benzene capacity [ref],Developing Benzene Capacity [ref],STD-08,,,Header is not Title Case; STD-08 headers are Title Case (it is the data *values* that are lowercase)
Plant data,CP,Developing toluene capacity (mtpa),Developing Toluene Capacity (mtpa),STD-08,,,Header is not Title Case; STD-08 headers are Title Case (it is the data *values* that are lowercase)
Plant data,CQ,Developing toluene capacity start date,Developing Toluene Capacity Start Date,STD-08,,,Header is not Title Case; STD-08 headers are Title Case (it is the data *values* that are lowercase)
Plant data,CR,Developing toluene capacity [ref],Developing Toluene Capacity [ref],STD-08,,,Header is not Title Case; STD-08 headers are Title Case (it is the data *values* that are lowercase)
Plant data,CS,Developing xylene capacity (mtpa),Developing Xylene Capacity (mtpa),STD-08,,,Header is not Title Case; STD-08 headers are Title Case (it is the data *values* that are lowercase)
Plant data,CT,Developing xylene capacity start date,Developing Xylene Capacity Start Date,STD-08,,,Header is not Title Case; STD-08 headers are Title Case (it is the data *values* that are lowercase)
Plant data,CU,Developing xylene capacity [ref],Developing Xylene Capacity [ref],STD-08,,,Header is not Title Case; STD-08 headers are Title Case (it is the data *values* that are lowercase)
Plant data,CV,Total developing aromatics capacity (mtpa),Total Developing Aromatics Capacity (mtpa),STD-08,,,Header is not Title Case; STD-08 headers are Title Case (it is the data *values* that are lowercase)
Plant data,CW,Total developing aromatics capacity start date,Total Developing Aromatics Capacity Start Date,STD-08,,,Header is not Title Case; STD-08 headers are Title Case (it is the data *values* that are lowercase)
Plant data,CX,Total developing aromatics capacity [ref],Total Developing Aromatics Capacity [ref],STD-08,,,Header is not Title Case; STD-08 headers are Title Case (it is the data *values* that are lowercase)
Plant data,CZ,Date added to tracker,Date Added to Tracker,STD-08,,,Header is not Title Case; STD-08 headers are Title Case (it is the data *values* that are lowercase)
Plant data,DA,Date last updated,Date Last Updated,STD-08,,,Header is not Title Case; STD-08 headers are Title Case (it is the data *values* that are lowercase)
Plant data,DB,Research status,Research Status,STD-11,,,Non-standard provenance header; STD-11 aligns these with the database so public reports match across trackers
Plant data,DC,GEM wiki page last updated,GEM Wiki Page Last Updated,STD-08,,,Header is not Title Case; STD-08 headers are Title Case (it is the data *values* that are lowercase)
Removed data,A,Reason for removal,Reason for Removal,STD-08,,,Header is not Title Case; STD-08 headers are Title Case (it is the data *values* that are lowercase)
Removed data,B,GEM plant ID,GEM Plant ID,STD-08,,,Header is not Title Case; STD-08 headers are Title Case (it is the data *values* that are lowercase)
Removed data,C,Plant name (English),Plant Name (English),STD-08,,,Header is not Title Case; STD-08 headers are Title Case (it is the data *values* that are lowercase)
Removed data,D,Plant name (other language),Plant Name (other language),STD-08,,,Header is not Title Case; STD-08 headers are Title Case (it is the data *values* that are lowercase)
Removed data,E,Other plant names (English),Other Plant Names (English),STD-08,,,Header is not Title Case; STD-08 headers are Title Case (it is the data *values* that are lowercase)
Removed data,F,Other plant names (other language),Other Plant Names (other language),STD-08,,,Header is not Title Case; STD-08 headers are Title Case (it is the data *values* that are lowercase)
Removed data,J,Owner GEM entity ID,Owner GEM Entity ID,STD-08,,,Header is not Title Case; STD-08 headers are Title Case (it is the data *values* that are lowercase)
Removed data,M,Subnational unit,Subnational Unit,STD-08,,,Header is not Title Case; STD-08 headers are Title Case (it is the data *values* that are lowercase)
Removed data,N,Country/area,Country/Area,STD-12,,,STD-12 uses `Country/Area` for the highest national-level field
Removed data,P,Coordinates,Lat_Lon,STD-09,,,Coordinate pair in a single column; STD-09 publishes it as `Lat_Lon` with a companion `Lat_Lon | Accuracy`
Removed data,Q,Coordinate accuracy,Lat_Lon | Accuracy,STD-09,STD-08: Coordinate Accuracy,,Companion field using the old `Coordinate accuracy` form; STD-09 uses the pipe pattern for every companion
Removed data,R,Coordinates [ref],Lat_Lon | Ref,STD-09,,,Companion field using the old `Coordinates [ref]` form; STD-09 uses the pipe pattern for every companion
Removed data,S,GEM wiki page,GEM Wiki Page,STD-08,,,Header is not Title Case; STD-08 headers are Title Case (it is the data *values* that are lowercase)
Removed data,T,Plant status,Plant Status,STD-08,,,Header is not Title Case; STD-08 headers are Title Case (it is the data *values* that are lowercase)
Removed data,U,Plant status [ref],Plant status | Ref,STD-09,STD-08: Plant Status [ref],,Companion field using the old `Plant status [ref]` form; STD-09 uses the pipe pattern for every companion
Removed data,V,Announced date,Announced Date,STD-08,,,Header is not Title Case; STD-08 headers are Title Case (it is the data *values* that are lowercase)
Removed data,W,Announced date [ref],Announced date | Ref,STD-09,STD-08: Announced Date [ref],,Companion field using the old `Announced date [ref]` form; STD-09 uses the pipe pattern for every companion
Removed data,X,Construction date,Construction Date,STD-08,,,Header is not Title Case; STD-08 headers are Title Case (it is the data *values* that are lowercase)
Removed data,Y,Construction date [ref],Construction date | Ref,STD-09,STD-08: Construction Date [ref],,Companion field using the old `Construction date [ref]` form; STD-09 uses the pipe pattern for every companion
Removed data,Z,Start date,Start Date,STD-08,,,Header is not Title Case; STD-08 headers are Title Case (it is the data *values* that are lowercase)
Removed data,AA,Start date [ref],Start date | Ref,STD-09,STD-08: Start Date [ref],,Companion field using the old `Start date [ref]` form; STD-09 uses the pipe pattern for every companion
Removed data,AB,Pre-retirement announcement date,Pre-retirement Announcement Date,STD-08,,,Header is not Title Case; STD-08 headers are Title Case (it is the data *values* that are lowercase)
Removed data,AC,Pre-retirement announcement date [ref],Pre-retirement announcement date | Ref,STD-09,STD-08: Pre-retirement Announcement Date [ref],,Companion field using the old `Pre-retirement announcement date [ref]` form; STD-09 uses the pipe pattern for every companion
Removed data,AD,Idled date,Idled Date,STD-08,,,Header is not Title Case; STD-08 headers are Title Case (it is the data *values* that are lowercase)
Removed data,AE,Idled date [ref],Idled date | Ref,STD-09,STD-08: Idled Date [ref],,Companion field using the old `Idled date [ref]` form; STD-09 uses the pipe pattern for every companion
Removed data,AF,Retired date,Retired Date,STD-08,,,Header is not Title Case; STD-08 headers are Title Case (it is the data *values* that are lowercase)
Removed data,AG,Retired date [ref],Retired date | Ref,STD-09,STD-08: Retired Date [ref],,Companion field using the old `Retired date [ref]` form; STD-09 uses the pipe pattern for every companion
Removed data,AH,Plant type,Plant Type,STD-08,,,Header is not Title Case; STD-08 headers are Title Case (it is the data *values* that are lowercase)
Removed data,AI,Plant type [ref],Plant type | Ref,STD-09,STD-08: Plant Type [ref],,Companion field using the old `Plant type [ref]` form; STD-09 uses the pipe pattern for every companion
Removed data,AJ,Primary products,Primary Products,STD-08,,,Header is not Title Case; STD-08 headers are Title Case (it is the data *values* that are lowercase)
Removed data,AK,Primary products [ref],Primary products | Ref,STD-09,STD-08: Primary Products [ref],,Companion field using the old `Primary products [ref]` form; STD-09 uses the pipe pattern for every companion
Removed data,AL,Secondary products,Secondary Products,STD-08,,,Header is not Title Case; STD-08 headers are Title Case (it is the data *values* that are lowercase)
Removed data,AM,Secondary products [ref],Secondary products | Ref,STD-09,STD-08: Secondary Products [ref],,Companion field using the old `Secondary products [ref]` form; STD-09 uses the pipe pattern for every companion
Removed data,AO,Feedstock [ref],Feedstock | Ref,STD-09,,,Companion field using the old `Feedstock [ref]` form; STD-09 uses the pipe pattern for every companion
Removed data,AP,Main production equipment,Main Production Equipment,STD-08,,,Header is not Title Case; STD-08 headers are Title Case (it is the data *values* that are lowercase)
Removed data,AQ,Main production equipment [ref],Main production equipment | Ref,STD-09,STD-08: Main Production Equipment [ref],,Companion field using the old `Main production equipment [ref]` form; STD-09 uses the pipe pattern for every companion
Removed data,AR,Primary process units,Primary Process Units,STD-08,,,Header is not Title Case; STD-08 headers are Title Case (it is the data *values* that are lowercase)
Removed data,AS,Primary process units [ref],Primary process units | Ref,STD-09,STD-08: Primary Process Units [ref],,Companion field using the old `Primary process units [ref]` form; STD-09 uses the pipe pattern for every companion
Removed data,AU,CCS/CCUS [ref],CCS/CCUS | Ref,STD-09,,,Companion field using the old `CCS/CCUS [ref]` form; STD-09 uses the pipe pattern for every companion
Removed data,AV,Electrified process heat,Electrified Process Heat,STD-08,,,Header is not Title Case; STD-08 headers are Title Case (it is the data *values* that are lowercase)
Removed data,AW,Electrified process heat [ref],Electrified process heat | Ref,STD-09,STD-08: Electrified Process Heat [ref],,Companion field using the old `Electrified process heat [ref]` form; STD-09 uses the pipe pattern for every companion
Removed data,AX,Low-carbon hydrogen feedstock or fuel,Low-carbon Hydrogen Feedstock or Fuel,STD-08,,,Header is not Title Case; STD-08 headers are Title Case (it is the data *values* that are lowercase)
Removed data,AY,Low-carbon hydrogen feedstock or fuel [ref],Low-carbon hydrogen feedstock or fuel | Ref,STD-09,STD-08: Low-carbon Hydrogen Feedstock or Fuel [ref],,Companion field using the old `Low-carbon hydrogen feedstock or fuel [ref]` form; STD-09 uses the pipe pattern for every companion
Removed data,AZ,Bio- or waste-based feedstock or fuel,Bio- or Waste-based Feedstock or Fuel,STD-08,,,Header is not Title Case; STD-08 headers are Title Case (it is the data *values* that are lowercase)
Removed data,BA,Bio- or waste-based feedstock or fuel [ref],Bio- or waste-based feedstock or fuel | Ref,STD-09,STD-08: Bio- or Waste-based Feedstock or Fuel [ref],,Companion field using the old `Bio- or waste-based feedstock or fuel [ref]` form; STD-09 uses the pipe pattern for every companion
Removed data,BB,Ammonia capacity (mtpa),Ammonia Capacity (mtpa),STD-08,,,Header is not Title Case; STD-08 headers are Title Case (it is the data *values* that are lowercase)
Removed data,BC,Ammonia capacity [ref],Ammonia Capacity [ref],STD-08,,,Header is not Title Case; STD-08 headers are Title Case (it is the data *values* that are lowercase)
Removed data,BD,Methanol capacity (mtpa),Methanol Capacity (mtpa),STD-08,,,Header is not Title Case; STD-08 headers are Title Case (it is the data *values* that are lowercase)
Removed data,BE,Methanol capacity [ref],Methanol Capacity [ref],STD-08,,,Header is not Title Case; STD-08 headers are Title Case (it is the data *values* that are lowercase)
Removed data,BF,Ethylene capacity (mtpa),Ethylene Capacity (mtpa),STD-08,,,Header is not Title Case; STD-08 headers are Title Case (it is the data *values* that are lowercase)
Removed data,BG,Ethylene capacity [ref],Ethylene Capacity [ref],STD-08,,,Header is not Title Case; STD-08 headers are Title Case (it is the data *values* that are lowercase)
Removed data,BH,Propylene capacity (mtpa),Propylene Capacity (mtpa),STD-08,,,Header is not Title Case; STD-08 headers are Title Case (it is the data *values* that are lowercase)
Removed data,BI,Propylene capacity [ref],Propylene Capacity [ref],STD-08,,,Header is not Title Case; STD-08 headers are Title Case (it is the data *values* that are lowercase)
Removed data,BJ,Butadiene capacity (mtpa),Butadiene Capacity (mtpa),STD-08,,,Header is not Title Case; STD-08 headers are Title Case (it is the data *values* that are lowercase)
Removed data,BK,Butadiene capacity [ref],Butadiene Capacity [ref],STD-08,,,Header is not Title Case; STD-08 headers are Title Case (it is the data *values* that are lowercase)
Removed data,BL,Total olefins capacity (mtpa),Total Olefins Capacity (mtpa),STD-08,,,Header is not Title Case; STD-08 headers are Title Case (it is the data *values* that are lowercase)
Removed data,BM,Total olefins capacity [ref],Total Olefins Capacity [ref],STD-08,,,Header is not Title Case; STD-08 headers are Title Case (it is the data *values* that are lowercase)
Removed data,BN,Benzene capacity (mtpa),Benzene Capacity (mtpa),STD-08,,,Header is not Title Case; STD-08 headers are Title Case (it is the data *values* that are lowercase)
Removed data,BO,Benzene capacity [ref],Benzene Capacity [ref],STD-08,,,Header is not Title Case; STD-08 headers are Title Case (it is the data *values* that are lowercase)
Removed data,BP,Toluene capacity (mtpa),Toluene Capacity (mtpa),STD-08,,,Header is not Title Case; STD-08 headers are Title Case (it is the data *values* that are lowercase)
Removed data,BQ,Toluene capacity [ref],Toluene Capacity [ref],STD-08,,,Header is not Title Case; STD-08 headers are Title Case (it is the data *values* that are lowercase)
Removed data,BR,Xylene capacity (mtpa),Xylene Capacity (mtpa),STD-08,,,Header is not Title Case; STD-08 headers are Title Case (it is the data *values* that are lowercase)
Removed data,BS,Xylene capacity [ref],Xylene Capacity [ref],STD-08,,,Header is not Title Case; STD-08 headers are Title Case (it is the data *values* that are lowercase)
Removed data,BT,Total aromatics capacity (mtpa),Total Aromatics Capacity (mtpa),STD-08,,,Header is not Title Case; STD-08 headers are Title Case (it is the data *values* that are lowercase)
Removed data,BU,Total aromatics capacity [ref],Total Aromatics Capacity [ref],STD-08,,,Header is not Title Case; STD-08 headers are Title Case (it is the data *values* that are lowercase)
Removed data,BV,Developing ammonia capacity (mtpa),Developing Ammonia Capacity (mtpa),STD-08,,,Header is not Title Case; STD-08 headers are Title Case (it is the data *values* that are lowercase)
Removed data,BW,Developing ammonia capacity start date,Developing Ammonia Capacity Start Date,STD-08,,,Header is not Title Case; STD-08 headers are Title Case (it is the data *values* that are lowercase)
Removed data,BX,Developing ammonia capacity [ref],Developing Ammonia Capacity [ref],STD-08,,,Header is not Title Case; STD-08 headers are Title Case (it is the data *values* that are lowercase)
Removed data,BY,Developing methanol capacity (mtpa),Developing Methanol Capacity (mtpa),STD-08,,,Header is not Title Case; STD-08 headers are Title Case (it is the data *values* that are lowercase)
Removed data,BZ,Developing methanol capacity start date,Developing Methanol Capacity Start Date,STD-08,,,Header is not Title Case; STD-08 headers are Title Case (it is the data *values* that are lowercase)
Removed data,CA,Developing methanol capacity [ref],Developing Methanol Capacity [ref],STD-08,,,Header is not Title Case; STD-08 headers are Title Case (it is the data *values* that are lowercase)
Removed data,CB,Developing ethylene capacity (mtpa),Developing Ethylene Capacity (mtpa),STD-08,,,Header is not Title Case; STD-08 headers are Title Case (it is the data *values* that are lowercase)
Removed data,CC,Developing ethylene capacity start date,Developing Ethylene Capacity Start Date,STD-08,,,Header is not Title Case; STD-08 headers are Title Case (it is the data *values* that are lowercase)
Removed data,CD,Developing ethylene capacity [ref],Developing Ethylene Capacity [ref],STD-08,,,Header is not Title Case; STD-08 headers are Title Case (it is the data *values* that are lowercase)
Removed data,CE,Developing propylene capacity (mtpa),Developing Propylene Capacity (mtpa),STD-08,,,Header is not Title Case; STD-08 headers are Title Case (it is the data *values* that are lowercase)
Removed data,CF,Developing propylene capacity start date,Developing Propylene Capacity Start Date,STD-08,,,Header is not Title Case; STD-08 headers are Title Case (it is the data *values* that are lowercase)
Removed data,CG,Developing propylene capacity [ref],Developing Propylene Capacity [ref],STD-08,,,Header is not Title Case; STD-08 headers are Title Case (it is the data *values* that are lowercase)
Removed data,CH,Developing butadiene capacity (mtpa),Developing Butadiene Capacity (mtpa),STD-08,,,Header is not Title Case; STD-08 headers are Title Case (it is the data *values* that are lowercase)
Removed data,CI,Developing butadiene capacity start date,Developing Butadiene Capacity Start Date,STD-08,,,Header is not Title Case; STD-08 headers are Title Case (it is the data *values* that are lowercase)
Removed data,CJ,Developing butadiene capacity [ref],Developing Butadiene Capacity [ref],STD-08,,,Header is not Title Case; STD-08 headers are Title Case (it is the data *values* that are lowercase)
Removed data,CK,Total developing olefins capacity (mtpa),Total Developing Olefins Capacity (mtpa),STD-08,,,Header is not Title Case; STD-08 headers are Title Case (it is the data *values* that are lowercase)
Removed data,CL,Total developing olefins capacity start date,Total Developing Olefins Capacity Start Date,STD-08,,,Header is not Title Case; STD-08 headers are Title Case (it is the data *values* that are lowercase)
Removed data,CM,Total developing olefins capacity [ref],Total Developing Olefins Capacity [ref],STD-08,,,Header is not Title Case; STD-08 headers are Title Case (it is the data *values* that are lowercase)
Removed data,CN,Developing benzene capacity (mtpa),Developing Benzene Capacity (mtpa),STD-08,,,Header is not Title Case; STD-08 headers are Title Case (it is the data *values* that are lowercase)
Removed data,CO,Developing benzene capacity start date,Developing Benzene Capacity Start Date,STD-08,,,Header is not Title Case; STD-08 headers are Title Case (it is the data *values* that are lowercase)
Removed data,CP,Developing benzene capacity [ref],Developing Benzene Capacity [ref],STD-08,,,Header is not Title Case; STD-08 headers are Title Case (it is the data *values* that are lowercase)
Removed data,CQ,Developing toluene capacity (mtpa),Developing Toluene Capacity (mtpa),STD-08,,,Header is not Title Case; STD-08 headers are Title Case (it is the data *values* that are lowercase)
Removed data,CR,Developing toluene capacity start date,Developing Toluene Capacity Start Date,STD-08,,,Header is not Title Case; STD-08 headers are Title Case (it is the data *values* that are lowercase)
Removed data,CS,Developing toluene capacity [ref],Developing Toluene Capacity [ref],STD-08,,,Header is not Title Case; STD-08 headers are Title Case (it is the data *values* that are lowercase)
Removed data,CT,Developing xylene capacity (mtpa),Developing Xylene Capacity (mtpa),STD-08,,,Header is not Title Case; STD-08 headers are Title Case (it is the data *values* that are lowercase)
Removed data,CU,Developing xylene capacity start date,Developing Xylene Capacity Start Date,STD-08,,,Header is not Title Case; STD-08 headers are Title Case (it is the data *values* that are lowercase)
Removed data,CV,Developing xylene capacity [ref],Developing Xylene Capacity [ref],STD-08,,,Header is not Title Case; STD-08 headers are Title Case (it is the data *values* that are lowercase)
Removed data,CW,Total developing aromatics capacity (mtpa),Total Developing Aromatics Capacity (mtpa),STD-08,,,Header is not Title Case; STD-08 headers are Title Case (it is the data *values* that are lowercase)
Removed data,CX,Total developing aromatics capacity start date,Total Developing Aromatics Capacity Start Date,STD-08,,,Header is not Title Case; STD-08 headers are Title Case (it is the data *values* that are lowercase)
Removed data,CY,Total developing aromatics capacity [ref],Total Developing Aromatics Capacity [ref],STD-08,,,Header is not Title Case; STD-08 headers are Title Case (it is the data *values* that are lowercase)
Removed data,DA,Date added to tracker,Date Added to Tracker,STD-08,,,Header is not Title Case; STD-08 headers are Title Case (it is the data *values* that are lowercase)
Removed data,DB,Date last updated,Date Last Updated,STD-08,,,Header is not Title Case; STD-08 headers are Title Case (it is the data *values* that are lowercase)
Removed data,DC,Research status,Research Status,STD-11,,,Non-standard provenance header; STD-11 aligns these with the database so public reports match across trackers
Removed data,DD,GEM wiki page last updated,GEM Wiki Page Last Updated,STD-08,,,Header is not Title Case; STD-08 headers are Title Case (it is the data *values* that are lowercase)
